Object_Category,Privilege_Type,movana_owner,movana_app,movana_readonly,movana_migration
Database,CONNECT,YES,YES,YES,YES
Database,CREATE,NO,NO,NO,NO
Database,TEMPORARY,YES,YES,NO,YES
Schema_public,USAGE,YES,YES,YES,YES
Schema_public,CREATE,YES,NO,NO,YES
Tables_Operational,SELECT,YES,YES,YES,YES
Tables_Operational,INSERT,YES,YES,NO,YES
Tables_Operational,UPDATE,YES,YES,NO,YES
Tables_Operational,DELETE,YES,YES,NO,YES
Tables_Operational,TRUNCATE,YES,NO,NO,YES
Tables_Operational,REFERENCES,YES,NO,NO,YES
Tables_Operational,TRIGGER,YES,NO,NO,YES
Tables_SecurityTokens,SELECT,YES,YES,NO,YES
Tables_SecurityTokens,INSERT,YES,YES,NO,YES
Tables_SecurityTokens,UPDATE,YES,YES,NO,YES
Tables_SecurityTokens,DELETE,YES,YES,NO,YES
Tables_SecurityTokens,TRUNCATE,YES,NO,NO,YES
Tables_AuditLogs,SELECT,YES,YES,YES,YES
Tables_AuditLogs,INSERT,YES,YES,NO,YES
Tables_AuditLogs,UPDATE,YES,NO,NO,YES
Tables_AuditLogs,DELETE,YES,NO,NO,YES
Tables_AuditLogs,TRUNCATE,YES,NO,NO,YES
Sequences,USAGE,YES,YES,NO,YES
Sequences,SELECT,YES,YES,YES,YES
Functions_Application,EXECUTE,YES,YES,YES,YES
Functions_Triggers,EXECUTE,YES,NO,NO,YES
Views,SELECT,YES,YES,YES,YES
