category,table_name,object_name,object_definition,classification,reason,replacement_object,action_proposed
FOREIGN_KEY_COVERAGE,booking_cancellations,fk_booking_canc_user,FOREIGN KEY (cancelled_by) REFERENCES users(id) ON DELETE RESTRICT,NEEDS WORKLOAD EVIDENCE,"User reference on transactional/event table. Useful if user activity audits are frequent, but high write overhead if user activity views are rare.",N/A,NO_ACTION
FOREIGN_KEY_COVERAGE,booking_reschedules,fk_booking_resched_user,FOREIGN KEY (rescheduled_by) REFERENCES users(id) ON DELETE RESTRICT,NEEDS WORKLOAD EVIDENCE,"User reference on transactional/event table. Useful if user activity audits are frequent, but high write overhead if user activity views are rare.",N/A,NO_ACTION
FOREIGN_KEY_COVERAGE,booking_seats,fk_booking_seats_passenger,FOREIGN KEY (passenger_id) REFERENCES booking_passengers(id) ON DELETE CASCADE,INDEX REQUIRED,Cascade target from booking_passengers; joined frequently in booking detail views and passenger rosters.,idx_booking_seats_passenger_id,CREATE INDEX idx_booking_seats_passenger_id ON booking_seats (passenger_id)
FOREIGN_KEY_COVERAGE,booking_seats,fk_booking_seats_seat,FOREIGN KEY (seat_id) REFERENCES seats(id) ON DELETE RESTRICT,INDEX REQUIRED,High-frequency queries check seat occupancy across trips; RESTRICT delete check on seats requires indexing to prevent full table scans on booking_seats.,idx_booking_seats_seat_id,CREATE INDEX idx_booking_seats_seat_id ON booking_seats (seat_id)
FOREIGN_KEY_COVERAGE,booking_status_history,fk_booking_status_hist_user,FOREIGN KEY (changed_by) REFERENCES users(id) ON DELETE SET NULL,NEEDS WORKLOAD EVIDENCE,Audit trail column on append-only history table. Rarely queried by changed_by (queried by entity ID); parent users are soft-deleted.,N/A,NO_ACTION
FOREIGN_KEY_COVERAGE,bookings,fk_bookings_dest,FOREIGN KEY (destination_stop_id) REFERENCES stops(id) ON DELETE RESTRICT,INDEX REQUIRED,Core booking search and analytics query path (origin/destination filtering). Crucial for stop-based operational reports.,idx_bookings_destination_stop_id,CREATE INDEX idx_bookings_destination_stop_id ON bookings (destination_stop_id)
FOREIGN_KEY_COVERAGE,bookings,fk_bookings_orig,FOREIGN KEY (origin_stop_id) REFERENCES stops(id) ON DELETE RESTRICT,INDEX REQUIRED,Core booking search and analytics query path (origin/destination filtering). Crucial for stop-based operational reports.,idx_bookings_origin_stop_id,CREATE INDEX idx_bookings_origin_stop_id ON bookings (origin_stop_id)
FOREIGN_KEY_COVERAGE,coupons,fk_coupons_discount,FOREIGN KEY (discount_id) REFERENCES discounts(id) ON DELETE RESTRICT,INDEX NOT NECESSARY,Parent table 'discounts' is a small static catalog table (3 rows). Table scan is cheaper than index scan; parent deletions are rare or prevented by administrative policy.,N/A,NO_ACTION
FOREIGN_KEY_COVERAGE,driver_assignments,fk_driver_assign_trip,FOREIGN KEY (trip_id) REFERENCES trips(id) ON DELETE SET NULL,NEEDS WORKLOAD EVIDENCE,Operational query benefit depends on specific query workload patterns.,N/A,NO_ACTION
FOREIGN_KEY_COVERAGE,driver_assignments,fk_driver_assign_user,FOREIGN KEY (assigned_by) REFERENCES users(id) ON DELETE RESTRICT,NEEDS WORKLOAD EVIDENCE,"User reference on transactional/event table. Useful if user activity audits are frequent, but high write overhead if user activity views are rare.",N/A,NO_ACTION
FOREIGN_KEY_COVERAGE,driver_assignments,fk_driver_assign_vehicle,FOREIGN KEY (vehicle_id) REFERENCES vehicles(id) ON DELETE SET NULL,NEEDS WORKLOAD EVIDENCE,Operational query benefit depends on specific query workload patterns.,N/A,NO_ACTION
FOREIGN_KEY_COVERAGE,driver_documents,fk_driver_docs_type,FOREIGN KEY (document_type_id) REFERENCES driver_document_types(id) ON DELETE RESTRICT,INDEX NOT NECESSARY,Parent table 'driver_document_types' is a small static catalog table (4 rows). Table scan is cheaper than index scan; parent deletions are rare or prevented by administrative policy.,N/A,NO_ACTION
FOREIGN_KEY_COVERAGE,driver_documents,fk_driver_docs_verifier,FOREIGN KEY (verified_by) REFERENCES users(id) ON DELETE SET NULL,NEEDS WORKLOAD EVIDENCE,"User reference on transactional/event table. Useful if user activity audits are frequent, but high write overhead if user activity views are rare.",N/A,NO_ACTION
FOREIGN_KEY_COVERAGE,driver_safety_events,fk_driver_safety_trip,FOREIGN KEY (trip_id) REFERENCES trips(id) ON DELETE SET NULL,INDEX RECOMMENDED,Trip operational dashboard aggregates driver_safety_events by trip_id.,idx_driver_safety_events_trip_id,CREATE INDEX idx_driver_safety_events_trip_id ON driver_safety_events (trip_id)
FOREIGN_KEY_COVERAGE,driver_status_history,fk_driver_status_hist_user,FOREIGN KEY (changed_by) REFERENCES users(id) ON DELETE SET NULL,NEEDS WORKLOAD EVIDENCE,Audit trail column on append-only history table. Rarely queried by changed_by (queried by entity ID); parent users are soft-deleted.,N/A,NO_ACTION
FOREIGN_KEY_COVERAGE,driver_verifications,fk_driver_verif_user,FOREIGN KEY (verified_by) REFERENCES users(id) ON DELETE RESTRICT,NEEDS WORKLOAD EVIDENCE,"User reference on transactional/event table. Useful if user activity audits are frequent, but high write overhead if user activity views are rare.",N/A,NO_ACTION
FOREIGN_KEY_COVERAGE,emergency_events,fk_emergency_events_user,FOREIGN KEY (user_id) REFERENCES users(id) ON DELETE RESTRICT,NEEDS WORKLOAD EVIDENCE,"User reference on transactional/event table. Useful if user activity audits are frequent, but high write overhead if user activity views are rare.",N/A,NO_ACTION
FOREIGN_KEY_COVERAGE,emergency_events,fk_emergency_events_veh,FOREIGN KEY (vehicle_id) REFERENCES vehicles(id) ON DELETE RESTRICT,NEEDS WORKLOAD EVIDENCE,Operational query benefit depends on specific query workload patterns.,N/A,NO_ACTION
FOREIGN_KEY_COVERAGE,fare_rules,fk_fare_rules_route,FOREIGN KEY (route_id) REFERENCES routes(id) ON DELETE CASCADE,INDEX RECOMMENDED,CASCADE delete on routes; pricing engine queries fare rules by route.,idx_fare_rules_route_id,CREATE INDEX idx_fare_rules_route_id ON fare_rules (route_id)
FOREIGN_KEY_COVERAGE,fare_rules,fk_fare_rules_vtype,FOREIGN KEY (vehicle_type_id) REFERENCES vehicle_types(id) ON DELETE SET NULL,INDEX NOT NECESSARY,Parent table 'vehicle_types' is a small static catalog table (4 rows). Table scan is cheaper than index scan; parent deletions are rare or prevented by administrative policy.,N/A,NO_ACTION
FOREIGN_KEY_COVERAGE,file_attachments,fk_file_attachments_uploader,FOREIGN KEY (uploaded_by) REFERENCES users(id) ON DELETE RESTRICT,NEEDS WORKLOAD EVIDENCE,"User reference on transactional/event table. Useful if user activity audits are frequent, but high write overhead if user activity views are rare.",N/A,NO_ACTION
FOREIGN_KEY_COVERAGE,geofence_events,fk_geofence_events_trip,FOREIGN KEY (trip_id) REFERENCES trips(id) ON DELETE SET NULL,INDEX RECOMMENDED,Trip operational dashboard aggregates geofence_events by trip_id.,idx_geofence_events_trip_id,CREATE INDEX idx_geofence_events_trip_id ON geofence_events (trip_id)
FOREIGN_KEY_COVERAGE,incident_actions,fk_incident_actions_user,FOREIGN KEY (taken_by) REFERENCES users(id) ON DELETE RESTRICT,NEEDS WORKLOAD EVIDENCE,"User reference on transactional/event table. Useful if user activity audits are frequent, but high write overhead if user activity views are rare.",N/A,NO_ACTION
FOREIGN_KEY_COVERAGE,incident_reports,fk_incident_reports_user,FOREIGN KEY (submitted_by) REFERENCES users(id) ON DELETE RESTRICT,NEEDS WORKLOAD EVIDENCE,"User reference on transactional/event table. Useful if user activity audits are frequent, but high write overhead if user activity views are rare.",N/A,NO_ACTION
FOREIGN_KEY_COVERAGE,incidents,fk_incidents_driver,FOREIGN KEY (driver_id) REFERENCES drivers(id) ON DELETE SET NULL,INDEX RECOMMENDED,Driver safety auditing and disciplinary reviews query incidents by driver.,idx_incidents_driver_id,CREATE INDEX idx_incidents_driver_id ON incidents (driver_id)
FOREIGN_KEY_COVERAGE,incidents,fk_incidents_reporter,FOREIGN KEY (reported_by) REFERENCES users(id) ON DELETE RESTRICT,NEEDS WORKLOAD EVIDENCE,Operational query benefit depends on specific query workload patterns.,N/A,NO_ACTION
FOREIGN_KEY_COVERAGE,incidents,fk_incidents_type,FOREIGN KEY (incident_type_id) REFERENCES incident_types(id) ON DELETE RESTRICT,INDEX NOT NECESSARY,Parent table 'incident_types' is a small static catalog table (4 rows). Table scan is cheaper than index scan; parent deletions are rare or prevented by administrative policy.,N/A,NO_ACTION
FOREIGN_KEY_COVERAGE,login_attempts,fk_login_attempts_user,FOREIGN KEY (user_id) REFERENCES users(id) ON DELETE SET NULL,NEEDS WORKLOAD EVIDENCE,"User reference on transactional/event table. Useful if user activity audits are frequent, but high write overhead if user activity views are rare.",N/A,NO_ACTION
FOREIGN_KEY_COVERAGE,lost_found_reports,fk_lost_found_stop,FOREIGN KEY (lost_at_stop_id) REFERENCES stops(id) ON DELETE SET NULL,NEEDS WORKLOAD EVIDENCE,Operational query benefit depends on specific query workload patterns.,N/A,NO_ACTION
FOREIGN_KEY_COVERAGE,lost_found_reports,fk_lost_found_user,FOREIGN KEY (passenger_id) REFERENCES users(id) ON DELETE SET NULL,NEEDS WORKLOAD EVIDENCE,Operational query benefit depends on specific query workload patterns.,N/A,NO_ACTION
FOREIGN_KEY_COVERAGE,lost_found_reports,fk_lost_found_veh,FOREIGN KEY (vehicle_id) REFERENCES vehicles(id) ON DELETE SET NULL,NEEDS WORKLOAD EVIDENCE,Operational query benefit depends on specific query workload patterns.,N/A,NO_ACTION
FOREIGN_KEY_COVERAGE,lost_found_status_history,fk_lost_found_hist_user,FOREIGN KEY (changed_by) REFERENCES users(id) ON DELETE SET NULL,NEEDS WORKLOAD EVIDENCE,Audit trail column on append-only history table. Rarely queried by changed_by (queried by entity ID); parent users are soft-deleted.,N/A,NO_ACTION
FOREIGN_KEY_COVERAGE,maintenance_schedules,fk_maint_sched_vtype,FOREIGN KEY (vehicle_type_id) REFERENCES vehicle_types(id) ON DELETE SET NULL,INDEX NOT NECESSARY,Parent table 'vehicle_types' is a small static catalog table (4 rows). Table scan is cheaper than index scan; parent deletions are rare or prevented by administrative policy.,N/A,NO_ACTION
FOREIGN_KEY_COVERAGE,review_responses,fk_review_resp_user,FOREIGN KEY (responder_id) REFERENCES users(id) ON DELETE RESTRICT,NEEDS WORKLOAD EVIDENCE,"User reference on transactional/event table. Useful if user activity audits are frequent, but high write overhead if user activity views are rare.",N/A,NO_ACTION
FOREIGN_KEY_COVERAGE,reviews,fk_reviews_vehicle,FOREIGN KEY (vehicle_id) REFERENCES vehicles(id) ON DELETE SET NULL,INDEX RECOMMENDED,Fleet maintenance and vehicle performance audits aggregate passenger reviews by vehicle.,idx_reviews_vehicle_id,CREATE INDEX idx_reviews_vehicle_id ON reviews (vehicle_id)
FOREIGN_KEY_COVERAGE,role_permissions,fk_role_permissions_permission,FOREIGN KEY (permission_id) REFERENCES permissions(id) ON DELETE CASCADE,INDEX NOT NECESSARY,Parent table 'permissions' is a small static catalog table (12 rows). Table scan is cheaper than index scan; parent deletions are rare or prevented by administrative policy.,N/A,NO_ACTION
FOREIGN_KEY_COVERAGE,routes,fk_routes_dest,FOREIGN KEY (destination_stop_id) REFERENCES stops(id) ON DELETE RESTRICT,INDEX REQUIRED,Route searching and network graph traversal by destination stop. Origin stop is already indexed; destination stop lacks coverage.,idx_routes_destination_stop_id,CREATE INDEX idx_routes_destination_stop_id ON routes (destination_stop_id)
FOREIGN_KEY_COVERAGE,schedule_stops,fk_sched_stops_stop,FOREIGN KEY (stop_id) REFERENCES stops(id) ON DELETE RESTRICT,INDEX RECOMMENDED,Timetable searches querying all schedules that call at a given stop.,idx_schedule_stops_stop_id,CREATE INDEX idx_schedule_stops_stop_id ON schedule_stops (stop_id)
FOREIGN_KEY_COVERAGE,support_ticket_attachments,fk_support_attach_file,FOREIGN KEY (file_attachment_id) REFERENCES file_attachments(id) ON DELETE RESTRICT,NEEDS WORKLOAD EVIDENCE,Operational query benefit depends on specific query workload patterns.,N/A,NO_ACTION
FOREIGN_KEY_COVERAGE,support_ticket_messages,fk_support_messages_sender,FOREIGN KEY (sender_id) REFERENCES users(id) ON DELETE RESTRICT,NEEDS WORKLOAD EVIDENCE,Operational query benefit depends on specific query workload patterns.,N/A,NO_ACTION
FOREIGN_KEY_COVERAGE,support_ticket_status_history,fk_support_status_hist_user,FOREIGN KEY (changed_by) REFERENCES users(id) ON DELETE SET NULL,NEEDS WORKLOAD EVIDENCE,Audit trail column on append-only history table. Rarely queried by changed_by (queried by entity ID); parent users are soft-deleted.,N/A,NO_ACTION
FOREIGN_KEY_COVERAGE,support_tickets,fk_support_tickets_agent,FOREIGN KEY (assigned_to) REFERENCES users(id) ON DELETE SET NULL,NEEDS WORKLOAD EVIDENCE,Operational query benefit depends on specific query workload patterns.,N/A,NO_ACTION
FOREIGN_KEY_COVERAGE,support_tickets,fk_support_tickets_booking,FOREIGN KEY (booking_id) REFERENCES bookings(id) ON DELETE SET NULL,INDEX RECOMMENDED,Customer support operations frequently search and aggregate tickets by booking_id.,idx_support_tickets_booking_id,CREATE INDEX idx_support_tickets_booking_id ON support_tickets (booking_id)
FOREIGN_KEY_COVERAGE,support_tickets,fk_support_tickets_trip,FOREIGN KEY (trip_id) REFERENCES trips(id) ON DELETE SET NULL,INDEX RECOMMENDED,Customer support operations frequently search and aggregate tickets by trip_id.,idx_support_tickets_trip_id,CREATE INDEX idx_support_tickets_trip_id ON support_tickets (trip_id)
FOREIGN_KEY_COVERAGE,tracking_events,fk_tracking_events_dev,FOREIGN KEY (device_id) REFERENCES tracking_devices(id) ON DELETE CASCADE,NEEDS WORKLOAD EVIDENCE,Operational query benefit depends on specific query workload patterns.,N/A,NO_ACTION
FOREIGN_KEY_COVERAGE,trip_assignments,fk_trip_assign_vehicle,FOREIGN KEY (vehicle_id) REFERENCES vehicles(id) ON DELETE RESTRICT,NEEDS WORKLOAD EVIDENCE,Operational query benefit depends on specific query workload patterns.,N/A,NO_ACTION
FOREIGN_KEY_COVERAGE,trip_events,fk_trip_events_driver,FOREIGN KEY (driver_id) REFERENCES drivers(id) ON DELETE SET NULL,NEEDS WORKLOAD EVIDENCE,Operational query benefit depends on specific query workload patterns.,N/A,NO_ACTION
FOREIGN_KEY_COVERAGE,trip_events,fk_trip_events_vehicle,FOREIGN KEY (vehicle_id) REFERENCES vehicles(id) ON DELETE SET NULL,NEEDS WORKLOAD EVIDENCE,Operational query benefit depends on specific query workload patterns.,N/A,NO_ACTION
FOREIGN_KEY_COVERAGE,trip_fares,fk_trip_fares_dest,FOREIGN KEY (destination_stop_id) REFERENCES stops(id) ON DELETE RESTRICT,INDEX RECOMMENDED,Fare matrix calculations frequently query origin and destination stop combinations.,idx_trip_fares_destination_stop_id,CREATE INDEX idx_trip_fares_destination_stop_id ON trip_fares (destination_stop_id)
FOREIGN_KEY_COVERAGE,trip_fares,fk_trip_fares_orig,FOREIGN KEY (origin_stop_id) REFERENCES stops(id) ON DELETE RESTRICT,INDEX RECOMMENDED,Fare matrix calculations frequently query origin and destination stop combinations.,idx_trip_fares_origin_stop_id,CREATE INDEX idx_trip_fares_origin_stop_id ON trip_fares (origin_stop_id)
FOREIGN_KEY_COVERAGE,trip_status_history,fk_trip_status_hist_user,FOREIGN KEY (changed_by) REFERENCES users(id) ON DELETE SET NULL,NEEDS WORKLOAD EVIDENCE,Audit trail column on append-only history table. Rarely queried by changed_by (queried by entity ID); parent users are soft-deleted.,N/A,NO_ACTION
FOREIGN_KEY_COVERAGE,trips,fk_trips_driver2,FOREIGN KEY (secondary_driver_id) REFERENCES drivers(id) ON DELETE RESTRICT,INDEX RECOMMENDED,Driver roster queries and shift allocations. Primary driver is indexed; secondary driver should be indexed for symmetry.,idx_trips_secondary_driver_id,CREATE INDEX idx_trips_secondary_driver_id ON trips (secondary_driver_id)
FOREIGN_KEY_COVERAGE,trips,fk_trips_schedule,FOREIGN KEY (schedule_id) REFERENCES trip_schedules(id) ON DELETE SET NULL,INDEX REQUIRED,Trips are generated from and reconciled against trip_schedules. Essential for schedule recurrence and dispatch queries.,idx_trips_schedule_id,CREATE INDEX idx_trips_schedule_id ON trips (schedule_id)
FOREIGN_KEY_COVERAGE,trips,fk_trips_stop,FOREIGN KEY (current_stop_id) REFERENCES stops(id) ON DELETE SET NULL,INDEX RECOMMENDED,Real-time dispatch and passenger ETA tracking lookups querying active trips at a given stop.,idx_trips_current_stop_id,CREATE INDEX idx_trips_current_stop_id ON trips (current_stop_id)
FOREIGN_KEY_COVERAGE,user_roles,fk_user_roles_assigned_by,FOREIGN KEY (assigned_by) REFERENCES users(id) ON DELETE SET NULL,NEEDS WORKLOAD EVIDENCE,"User reference on transactional/event table. Useful if user activity audits are frequent, but high write overhead if user activity views are rare.",N/A,NO_ACTION
FOREIGN_KEY_COVERAGE,vehicle_assignments,fk_vehicle_assign_trip,FOREIGN KEY (trip_id) REFERENCES trips(id) ON DELETE SET NULL,INDEX RECOMMENDED,Trip operational dashboard aggregates vehicle_assignments by trip_id.,idx_vehicle_assignments_trip_id,CREATE INDEX idx_vehicle_assignments_trip_id ON vehicle_assignments (trip_id)
FOREIGN_KEY_COVERAGE,vehicle_assignments,fk_vehicle_assign_user,FOREIGN KEY (assigned_by) REFERENCES users(id) ON DELETE RESTRICT,NEEDS WORKLOAD EVIDENCE,"User reference on transactional/event table. Useful if user activity audits are frequent, but high write overhead if user activity views are rare.",N/A,NO_ACTION
FOREIGN_KEY_COVERAGE,vehicle_inspections,fk_vehicle_insp_trip,FOREIGN KEY (trip_id) REFERENCES trips(id) ON DELETE SET NULL,INDEX RECOMMENDED,Trip operational dashboard aggregates vehicle_inspections by trip_id.,idx_vehicle_inspections_trip_id,CREATE INDEX idx_vehicle_inspections_trip_id ON vehicle_inspections (trip_id)
FOREIGN_KEY_COVERAGE,vehicle_inspections,fk_vehicle_insp_user,FOREIGN KEY (inspector_id) REFERENCES users(id) ON DELETE RESTRICT,NEEDS WORKLOAD EVIDENCE,"User reference on transactional/event table. Useful if user activity audits are frequent, but high write overhead if user activity views are rare.",N/A,NO_ACTION
FOREIGN_KEY_COVERAGE,vehicle_location_history,fk_loc_hist_driver,FOREIGN KEY (driver_id) REFERENCES drivers(id) ON DELETE SET NULL,INDEX RECOMMENDED,High-volume telemetry queries often filter by driver for performance and driver safety auditing.,idx_loc_hist_driver,CREATE INDEX idx_loc_hist_driver ON vehicle_location_history (driver_id)
FOREIGN_KEY_COVERAGE,vehicle_location_history_default,fk_loc_hist_driver,FOREIGN KEY (driver_id) REFERENCES drivers(id) ON DELETE SET NULL,INDEX NOT NECESSARY,Child partition of vehicle_location_history; index should be created on the parent table and partitioned automatically.,N/A,NO_ACTION
FOREIGN_KEY_COVERAGE,vehicle_location_history_y2026m09,fk_loc_hist_driver,FOREIGN KEY (driver_id) REFERENCES drivers(id) ON DELETE SET NULL,INDEX NOT NECESSARY,Child partition of vehicle_location_history; index should be created on the parent table and partitioned automatically.,N/A,NO_ACTION
FOREIGN_KEY_COVERAGE,vehicle_location_history_y2026m10,fk_loc_hist_driver,FOREIGN KEY (driver_id) REFERENCES drivers(id) ON DELETE SET NULL,INDEX NOT NECESSARY,Child partition of vehicle_location_history; index should be created on the parent table and partitioned automatically.,N/A,NO_ACTION
FOREIGN_KEY_COVERAGE,vehicle_location_history_y2026m11,fk_loc_hist_driver,FOREIGN KEY (driver_id) REFERENCES drivers(id) ON DELETE SET NULL,INDEX NOT NECESSARY,Child partition of vehicle_location_history; index should be created on the parent table and partitioned automatically.,N/A,NO_ACTION
FOREIGN_KEY_COVERAGE,vehicle_status_history,fk_vehicle_status_hist_user,FOREIGN KEY (changed_by) REFERENCES users(id) ON DELETE SET NULL,NEEDS WORKLOAD EVIDENCE,Audit trail column on append-only history table. Rarely queried by changed_by (queried by entity ID); parent users are soft-deleted.,N/A,NO_ACTION
FOREIGN_KEY_COVERAGE,vehicles,fk_vehicles_mfg,FOREIGN KEY (manufacturer_id) REFERENCES vehicle_manufacturers(id) ON DELETE RESTRICT,INDEX NOT NECESSARY,Parent table 'vehicle_manufacturers' is a small static catalog table (4 rows). Table scan is cheaper than index scan; parent deletions are rare or prevented by administrative policy.,N/A,NO_ACTION
FOREIGN_KEY_COVERAGE,vehicles,fk_vehicles_model,FOREIGN KEY (model_id) REFERENCES vehicle_models(id) ON DELETE RESTRICT,INDEX NOT NECESSARY,Parent table 'vehicle_models' is a small static catalog table (5 rows). Table scan is cheaper than index scan; parent deletions are rare or prevented by administrative policy.,N/A,NO_ACTION
FOREIGN_KEY_COVERAGE,vehicles,fk_vehicles_type,FOREIGN KEY (vehicle_type_id) REFERENCES vehicle_types(id) ON DELETE RESTRICT,INDEX NOT NECESSARY,Parent table 'vehicle_types' is a small static catalog table (4 rows). Table scan is cheaper than index scan; parent deletions are rare or prevented by administrative policy.,N/A,NO_ACTION
EXACT_DUPLICATE_INDEX,booking_cancellations,idx_booking_canc_booking,CREATE INDEX idx_booking_canc_booking ON booking_cancellations (booking_id),SAFE TO REMOVE,Exact duplicate of constraint backing index 'uq_booking_canc_booking' for UNIQUE constraint 'uq_booking_canc_booking'.,uq_booking_canc_booking,DROP INDEX IF EXISTS idx_booking_canc_booking
EXACT_DUPLICATE_INDEX,booking_cancellations,idx_booking_canc_ref,CREATE INDEX idx_booking_canc_ref ON booking_cancellations (cancellation_reference),SAFE TO REMOVE,Exact duplicate of constraint backing index 'uq_booking_canc_ref' for UNIQUE constraint 'uq_booking_canc_ref'.,uq_booking_canc_ref,DROP INDEX IF EXISTS idx_booking_canc_ref
EXACT_DUPLICATE_INDEX,booking_reschedules,idx_booking_resched_orig,CREATE INDEX idx_booking_resched_orig ON booking_reschedules (original_booking_id),SAFE TO REMOVE,Exact duplicate of constraint backing index 'uq_booking_resched_orig' for UNIQUE constraint 'uq_booking_resched_orig'.,uq_booking_resched_orig,DROP INDEX IF EXISTS idx_booking_resched_orig
EXACT_DUPLICATE_INDEX,bookings,idx_bookings_ref,CREATE INDEX idx_bookings_ref ON bookings (booking_reference),SAFE TO REMOVE,Exact duplicate of constraint backing index 'uq_bookings_ref' for UNIQUE constraint 'uq_bookings_ref'.,uq_bookings_ref,DROP INDEX IF EXISTS idx_bookings_ref
EXACT_DUPLICATE_INDEX,coupons,idx_coupons_code,CREATE INDEX idx_coupons_code ON coupons (coupon_code),SAFE TO REMOVE,Exact duplicate of constraint backing index 'uq_coupons_code' for UNIQUE constraint 'uq_coupons_code'.,uq_coupons_code,DROP INDEX IF EXISTS idx_coupons_code
EXACT_DUPLICATE_INDEX,discounts,idx_discounts_code,CREATE INDEX idx_discounts_code ON discounts (code),SAFE TO REMOVE,Exact duplicate of constraint backing index 'uq_discounts_code' for UNIQUE constraint 'uq_discounts_code'.,uq_discounts_code,DROP INDEX IF EXISTS idx_discounts_code
EXACT_DUPLICATE_INDEX,driver_document_types,idx_driver_doc_types_code,CREATE INDEX idx_driver_doc_types_code ON driver_document_types (code),SAFE TO REMOVE,Exact duplicate of constraint backing index 'uq_driver_doc_types_code' for UNIQUE constraint 'uq_driver_doc_types_code'.,uq_driver_doc_types_code,DROP INDEX IF EXISTS idx_driver_doc_types_code
EXACT_DUPLICATE_INDEX,drivers,idx_drivers_emp_code,CREATE INDEX idx_drivers_emp_code ON drivers (employee_code),SAFE TO REMOVE,Exact duplicate of constraint backing index 'uq_drivers_emp_code' for UNIQUE constraint 'uq_drivers_emp_code'.,uq_drivers_emp_code,DROP INDEX IF EXISTS idx_drivers_emp_code
EXACT_DUPLICATE_INDEX,drivers,idx_drivers_license,CREATE INDEX idx_drivers_license ON drivers (license_number),SAFE TO REMOVE,Exact duplicate of constraint backing index 'uq_drivers_license' for UNIQUE constraint 'uq_drivers_license'.,uq_drivers_license,DROP INDEX IF EXISTS idx_drivers_license
EXACT_DUPLICATE_INDEX,fare_products,idx_fare_products_code,CREATE INDEX idx_fare_products_code ON fare_products (code),SAFE TO REMOVE,Exact duplicate of constraint backing index 'uq_fare_products_code' for UNIQUE constraint 'uq_fare_products_code'.,uq_fare_products_code,DROP INDEX IF EXISTS idx_fare_products_code
EXACT_DUPLICATE_INDEX,feature_flags,idx_feature_flags_key,CREATE INDEX idx_feature_flags_key ON feature_flags (flag_key),SAFE TO REMOVE,Exact duplicate of constraint backing index 'uq_feature_flags_key' for UNIQUE constraint 'uq_feature_flags_key'.,uq_feature_flags_key,DROP INDEX IF EXISTS idx_feature_flags_key
EXACT_DUPLICATE_INDEX,incident_types,idx_incident_types_code,CREATE INDEX idx_incident_types_code ON incident_types (code),SAFE TO REMOVE,Exact duplicate of constraint backing index 'uq_incident_types_code' for UNIQUE constraint 'uq_incident_types_code'.,uq_incident_types_code,DROP INDEX IF EXISTS idx_incident_types_code
EXACT_DUPLICATE_INDEX,incidents,idx_incidents_num,CREATE INDEX idx_incidents_num ON incidents (incident_number),SAFE TO REMOVE,Exact duplicate of constraint backing index 'uq_incidents_num' for UNIQUE constraint 'uq_incidents_num'.,uq_incidents_num,DROP INDEX IF EXISTS idx_incidents_num
EXACT_DUPLICATE_INDEX,invoices,idx_invoices_num,CREATE INDEX idx_invoices_num ON invoices (invoice_number),SAFE TO REMOVE,Exact duplicate of constraint backing index 'uq_invoices_num' for UNIQUE constraint 'uq_invoices_num'.,uq_invoices_num,DROP INDEX IF EXISTS idx_invoices_num
EXACT_DUPLICATE_INDEX,lost_found_reports,idx_lost_found_num,CREATE INDEX idx_lost_found_num ON lost_found_reports (report_number),SAFE TO REMOVE,Exact duplicate of constraint backing index 'uq_lost_found_num' for UNIQUE constraint 'uq_lost_found_num'.,uq_lost_found_num,DROP INDEX IF EXISTS idx_lost_found_num
EXACT_DUPLICATE_INDEX,passenger_profiles,idx_passenger_profiles_user_id,CREATE INDEX idx_passenger_profiles_user_id ON passenger_profiles (user_id),SAFE TO REMOVE,Exact duplicate of constraint backing index 'uq_passenger_profiles_user' for UNIQUE constraint 'uq_passenger_profiles_user'.,uq_passenger_profiles_user,DROP INDEX IF EXISTS idx_passenger_profiles_user_id
EXACT_DUPLICATE_INDEX,payment_events,idx_payment_events_provider_event,"CREATE INDEX idx_payment_events_provider_event ON payment_events (provider, event_id)",SAFE TO REMOVE,Exact duplicate of constraint backing index 'uq_payment_events_provider_event' for UNIQUE constraint 'uq_payment_events_provider_event'.,uq_payment_events_provider_event,DROP INDEX IF EXISTS idx_payment_events_provider_event
EXACT_DUPLICATE_INDEX,payments,idx_payments_ref,CREATE INDEX idx_payments_ref ON payments (payment_reference),SAFE TO REMOVE,Exact duplicate of constraint backing index 'uq_payments_ref' for UNIQUE constraint 'uq_payments_ref'.,uq_payments_ref,DROP INDEX IF EXISTS idx_payments_ref
EXACT_DUPLICATE_INDEX,refunds,idx_refunds_ref,CREATE INDEX idx_refunds_ref ON refunds (refund_reference),SAFE TO REMOVE,Exact duplicate of constraint backing index 'uq_refunds_ref' for UNIQUE constraint 'uq_refunds_ref'.,uq_refunds_ref,DROP INDEX IF EXISTS idx_refunds_ref
EXACT_DUPLICATE_INDEX,review_responses,idx_review_resp_review,CREATE INDEX idx_review_resp_review ON review_responses (review_id),SAFE TO REMOVE,Exact duplicate of constraint backing index 'uq_review_resp_review' for UNIQUE constraint 'uq_review_resp_review'.,uq_review_resp_review,DROP INDEX IF EXISTS idx_review_resp_review
EXACT_DUPLICATE_INDEX,route_stops,idx_route_stops_route_seq,"CREATE INDEX idx_route_stops_route_seq ON route_stops (route_id, sequence_number)",SAFE TO REMOVE,Exact duplicate of constraint backing index 'uq_route_stops_route_seq' for UNIQUE constraint 'uq_route_stops_route_seq'.,uq_route_stops_route_seq,DROP INDEX IF EXISTS idx_route_stops_route_seq
EXACT_DUPLICATE_INDEX,routes,idx_routes_code,CREATE INDEX idx_routes_code ON routes (route_code),SAFE TO REMOVE,Exact duplicate of constraint backing index 'uq_routes_code' for UNIQUE constraint 'uq_routes_code'.,uq_routes_code,DROP INDEX IF EXISTS idx_routes_code
EXACT_DUPLICATE_INDEX,stops,idx_stops_code,CREATE INDEX idx_stops_code ON stops (stop_code),SAFE TO REMOVE,Exact duplicate of constraint backing index 'uq_stops_code' for UNIQUE constraint 'uq_stops_code'.,uq_stops_code,DROP INDEX IF EXISTS idx_stops_code
EXACT_DUPLICATE_INDEX,support_tickets,idx_support_tickets_num,CREATE INDEX idx_support_tickets_num ON support_tickets (ticket_number),SAFE TO REMOVE,Exact duplicate of constraint backing index 'uq_support_tickets_num' for UNIQUE constraint 'uq_support_tickets_num'.,uq_support_tickets_num,DROP INDEX IF EXISTS idx_support_tickets_num
EXACT_DUPLICATE_INDEX,system_settings,idx_system_settings_key,CREATE INDEX idx_system_settings_key ON system_settings (setting_key),SAFE TO REMOVE,Exact duplicate of constraint backing index 'uq_system_settings_key' for UNIQUE constraint 'uq_system_settings_key'.,uq_system_settings_key,DROP INDEX IF EXISTS idx_system_settings_key
EXACT_DUPLICATE_INDEX,tracking_devices,idx_tracking_devices_imei,CREATE INDEX idx_tracking_devices_imei ON tracking_devices (device_imei),SAFE TO REMOVE,Exact duplicate of constraint backing index 'uq_tracking_devices_imei' for UNIQUE constraint 'uq_tracking_devices_imei'.,uq_tracking_devices_imei,DROP INDEX IF EXISTS idx_tracking_devices_imei
EXACT_DUPLICATE_INDEX,user_preferences,idx_user_preferences_user_id,CREATE INDEX idx_user_preferences_user_id ON user_preferences (user_id),SAFE TO REMOVE,Exact duplicate of constraint backing index 'uq_user_preferences_user' for UNIQUE constraint 'uq_user_preferences_user'.,uq_user_preferences_user,DROP INDEX IF EXISTS idx_user_preferences_user_id
EXACT_DUPLICATE_INDEX,vehicle_types,idx_vehicle_types_code,CREATE INDEX idx_vehicle_types_code ON vehicle_types (code),SAFE TO REMOVE,Exact duplicate of constraint backing index 'uq_vehicle_types_code' for UNIQUE constraint 'uq_vehicle_types_code'.,uq_vehicle_types_code,DROP INDEX IF EXISTS idx_vehicle_types_code
EXACT_DUPLICATE_INDEX,vehicles,idx_vehicles_reg_num,CREATE INDEX idx_vehicles_reg_num ON vehicles (registration_number),SAFE TO REMOVE,Exact duplicate of constraint backing index 'uq_vehicles_reg_num' for UNIQUE constraint 'uq_vehicles_reg_num'.,uq_vehicles_reg_num,DROP INDEX IF EXISTS idx_vehicles_reg_num
PREFIX_REDUNDANT_INDEX,driver_documents,idx_driver_docs_driver,CREATE INDEX idx_driver_docs_driver ON driver_documents (driver_id),SAFE TO REMOVE,"Leftmost prefix of composite unique index 'uq_driver_docs_type' on (driver_id, document_type_id).",uq_driver_docs_type,DROP INDEX IF EXISTS idx_driver_docs_driver
PREFIX_REDUNDANT_INDEX,notification_preferences,idx_notif_pref_user,CREATE INDEX idx_notif_pref_user ON notification_preferences (user_id),SAFE TO REMOVE,"Leftmost prefix of composite unique index 'uq_notif_pref_user_chan_cat' on (user_id, channel, notification_category).",uq_notif_pref_user_chan_cat,DROP INDEX IF EXISTS idx_notif_pref_user
PREFIX_REDUNDANT_INDEX,notification_templates,idx_notif_templates_code,CREATE INDEX idx_notif_templates_code ON notification_templates (template_code),SAFE TO REMOVE,"Leftmost prefix of composite unique index 'uq_notif_templates_code_chan' on (template_code, channel).",uq_notif_templates_code_chan,DROP INDEX IF EXISTS idx_notif_templates_code
PREFIX_REDUNDANT_INDEX,payment_attempts,idx_payment_attempts_payment,CREATE INDEX idx_payment_attempts_payment ON payment_attempts (payment_id),SAFE TO REMOVE,"Leftmost prefix of composite unique index 'uq_payment_attempts_num' on (payment_id, attempt_number).",uq_payment_attempts_num,DROP INDEX IF EXISTS idx_payment_attempts_payment
PREFIX_REDUNDANT_INDEX,role_permissions,idx_role_permissions_role_id,CREATE INDEX idx_role_permissions_role_id ON role_permissions (role_id),SAFE TO REMOVE,"Leftmost prefix of composite unique index 'uq_role_permissions_role_perm' on (role_id, permission_id).",uq_role_permissions_role_perm,DROP INDEX IF EXISTS idx_role_permissions_role_id
PREFIX_REDUNDANT_INDEX,schedule_stops,idx_sched_stops_sched,CREATE INDEX idx_sched_stops_sched ON schedule_stops (schedule_id),SAFE TO REMOVE,"Leftmost prefix of composite unique index 'uq_sched_stops_sched_seq' on (schedule_id, sequence_number).",uq_sched_stops_sched_seq,DROP INDEX IF EXISTS idx_sched_stops_sched
PREFIX_REDUNDANT_INDEX,seats,idx_seats_layout,CREATE INDEX idx_seats_layout ON seats (layout_id),REQUIRES REVIEW,"Leftmost prefix of composite unique index 'uq_seats_layout_deck_row_col' on (layout_id, deck, row_number, column_number).",uq_seats_layout_deck_row_col,DROP INDEX IF EXISTS idx_seats_layout (PENDING WORKLOAD REVIEW)
PREFIX_REDUNDANT_INDEX,seats,idx_seats_layout,CREATE INDEX idx_seats_layout ON seats (layout_id),REQUIRES REVIEW,"Leftmost prefix of composite unique index 'uq_seats_layout_number' on (layout_id, seat_number).",uq_seats_layout_number,DROP INDEX IF EXISTS idx_seats_layout (PENDING WORKLOAD REVIEW)
PREFIX_REDUNDANT_INDEX,trip_fares,idx_trip_fares_lookup,"CREATE INDEX idx_trip_fares_lookup ON trip_fares (trip_id, origin_stop_id, destination_stop_id)",SAFE TO REMOVE,"Leftmost prefix of composite unique index 'uq_trip_fares_trip_stops_seat' on (trip_id, origin_stop_id, destination_stop_id, seat_type).",uq_trip_fares_trip_stops_seat,DROP INDEX IF EXISTS idx_trip_fares_lookup
PREFIX_REDUNDANT_INDEX,trip_stops,idx_trip_stops_trip,CREATE INDEX idx_trip_stops_trip ON trip_stops (trip_id),SAFE TO REMOVE,"Leftmost prefix of composite unique index 'uq_trip_stops_trip_seq' on (trip_id, sequence_number).",uq_trip_stops_trip_seq,DROP INDEX IF EXISTS idx_trip_stops_trip
PREFIX_REDUNDANT_INDEX,trip_stops,idx_trip_stops_trip,CREATE INDEX idx_trip_stops_trip ON trip_stops (trip_id),SAFE TO REMOVE,"Leftmost prefix of composite unique index 'uq_trip_stops_trip_stop' on (trip_id, stop_id).",uq_trip_stops_trip_stop,DROP INDEX IF EXISTS idx_trip_stops_trip
PREFIX_REDUNDANT_INDEX,user_roles,idx_user_roles_user_id,CREATE INDEX idx_user_roles_user_id ON user_roles (user_id),SAFE TO REMOVE,"Leftmost prefix of composite unique index 'uq_user_roles_user_role' on (user_id, role_id).",uq_user_roles_user_role,DROP INDEX IF EXISTS idx_user_roles_user_id
PREFIX_REDUNDANT_INDEX,vehicle_models,idx_vehicle_models_mfg,CREATE INDEX idx_vehicle_models_mfg ON vehicle_models (manufacturer_id),SAFE TO REMOVE,"Leftmost prefix of composite unique index 'uq_vehicle_models_mfg_name' on (manufacturer_id, name).",uq_vehicle_models_mfg_name,DROP INDEX IF EXISTS idx_vehicle_models_mfg
